{
  "profileId": "pico",
  "overrides": {
    "model_offset": [
      0.0,
      0.007055499106645492,
      -0.04074548926204436
    ],
    "model_rotation_deg": -49.24662783369422
  }
}