{
  "display_name": {
    "EN": "Bedroom",
    "CN": "卧室"
  },
  "screen": {
    "width": 2.4,
    "distance": -0.030025774238222447,
    "pan_x": -2.084491775839589,
    "pan_y": 1.1384728001379254,
    "yaw": 1.5728878476289119,
    "pitch": -0.017574582335337607,
    "roll": 0.0,
    "ref_size": 2.4,
    "curved": false
  }
}