{
  "display_name": {
    "EN": "Bedroom",
    "CN": "卧室"
  },
  "environment": {
    "yaw": 1.5707963267948966,
    "pitch": 1.8144170474741303e-20,
    "roll": -8.949687771123084e-15,
    "pos": [
      1.9647766965925668e-22,
      1.3392675580674705e-13,
      0.5
    ],
    "scale": [
      1.0,
      1.0,
      1.0
    ],
    "lock_screen": true
  },
  "screen": {
    "width": 0.76,
    "distance": 0.953411818814296,
    "pan_x": -0.030486333118448367,
    "pan_y": 0.9871589276480341,
    "yaw": 0.0,
    "pitch": -0.06981338027661266,
    "roll": -1.53464993441155e-07,
    "ref_size": 0.76,
    "curved": false,
    "allow_curve": false
  }
}
