{
  "screen": {
    "width": 2.4,
    "distance": 0.16200080417022178,
    "pan_x": -3.4740658460925284,
    "pan_y": 1.1334608987919945,
    "yaw": 1.5043793270933798,
    "pitch": -0.010001344413673018,
    "roll": 0.0,
    "ref_size": 2.4,
    "curved": false
  }
}