{
  "screen": {
    "width": 2.4,
    "distance": 1.5549194531000554,
    "pan_x": 0.047792812743897635,
    "pan_y": 1.1408567428588867,
    "yaw": -0.033242397934823226,
    "pitch": 0.0,
    "roll": 0.0,
    "ref_size": 2.4,
    "curved": false,
    "allow_curve": false,
    "screen_node_index": null,
    "screen_node_indices": [],
    "offset": [
      0.0,
      0.0,
      0.0
    ]
  }
}