{
  "profileId": "index",
  "overrides": {
    "model_offset": [
      0.0,
      -0.0069152074337005594,
      -0.00333929257392883
    ],
    "model_rotation_deg": -9.42177963218689
  }
}