{
  "display_name": {
    "EN": "Cinema",
    "CN": "影院"
  },
  "environment": {
    "yaw": 3.109285030406581,
    "pitch": -0.0,
    "roll": 0.0,
    "pos": [
      -68.65064239501952,
      -0.24921810626983643,
      -30.58799934387207
    ],
    "scale": [
      1.000000007203123,
      1.0,
      1.0000000072031232
    ],
    "lock_screen": true
  },
  "screen": {
    "width": 5.0,
    "distance": 5.894211623876691,
    "pan_x": 0.07949347751998743,
    "pan_y": 1.5423645973205566,
    "yaw": -0.03230762318321204,
    "pitch": 0.0,
    "roll": 0.0,
    "ref_size": 5.0,
    "curved": false,
    "allow_curve": true,
    "screen_node_index": 1032,
    "screen_node_indices": [
      1032,
      1033,
      1034
    ],
    "offset": [
      -0.02,
      0.0,
      0.0
    ]
  }
}