{
  "screen": {
    "width": 4.256443159443814,
    "distance": 3.1533863730909935,
    "pan_x": -2.3854989529738644,
    "pan_y": 1.4751612239915879,
    "yaw": 0.65581734487509,
    "pitch": 0.07775131076574132,
    "roll": 0.0,
    "ref_size": 4.256443159443814,
    "curved": false
  }
}