{
  "profileId": "quest",
  "overrides": {
    "model_offset": [
      0.0,
      -0.011966890501976028,
      -0.030390102863311712
    ],
    "model_rotation_deg": -14.138582441997528
  }
}