{
  "profileId": "vive",
  "overrides": {
    "model_offset": [
      0.0,
      -0.007538529634475702,
      -0.006761513113975524
    ],
    "model_rotation_deg": -18.042985643672942
  }
}