{
  "profileId": "hp",
  "overrides": {
    "model_offset": [
      0.0,
      -0.02491626634597768,
      -0.019684740614891075
    ],
    "model_rotation_deg": -8.347753695201874
  }
}